price,size,city,retrieval_date
1355,27.04,Berlin,2026-09-28 01:12:17
1625,32.94,Berlin,2026-09-28 01:12:17
3200,64,Berlin,2026-09-28 01:12:17
1560,32.39,Berlin,2026-09-28 01:12:17
1540,30.23,Berlin,2026-09-28 01:12:17
1775,36.16,Berlin,2026-09-28 01:12:17
1340,26.29,Berlin,2026-09-28 01:12:17
1380,27.14,Berlin,2026-09-28 01:12:17
1540,30.44,Berlin,2026-09-28 01:12:17
1655,33.55,Berlin,2026-09-28 01:12:17
2120,42.16,Berlin,2026-09-28 01:12:17
2125,43.19,Berlin,2026-09-28 01:12:17
1875,38.89,Berlin,2026-09-28 01:12:17
1630,32.3,Berlin,2026-09-28 01:12:17
1520,30.56,Berlin,2026-09-28 01:12:17
1310,26.48,Berlin,2026-09-28 01:12:17
1237,90,Berlin,2026-09-28 01:12:17
688,27.5,Berlin,2026-09-28 01:12:17
1570,79,Berlin,2026-09-28 01:12:17
2050,102,Berlin,2026-09-28 01:12:17
966,46,Berlin,2026-09-28 01:12:17
995,51,Berlin,2026-09-28 01:12:17
770,30.46,Berlin,2026-09-28 01:12:17
1990,83,Berlin,2026-09-28 01:12:17
865,75,Berlin,2026-09-28 01:12:17
1412,89,Berlin,2026-09-28 01:12:17
995,86,Berlin,2026-09-28 01:12:17
690,60,Berlin,2026-09-28 01:12:17
1296,82,Berlin,2026-09-28 01:12:17
3543,136,Berlin,2026-09-28 01:12:17
649,17,Berlin,2026-09-28 01:12:17
795,36,Berlin,2026-09-28 01:12:17
799,31,Berlin,2026-09-28 01:12:17
1589,48,Berlin,2026-09-28 01:12:17
1892,68,Berlin,2026-09-28 01:12:17
1749,61,Berlin,2026-09-28 01:12:17
1502,60,Berlin,2026-09-28 01:12:17
2016,77,Berlin,2026-09-28 01:12:17
1435,43,Berlin,2026-09-28 01:12:17
1332,42,Berlin,2026-09-28 01:12:17
1332,42,Berlin,2026-09-28 01:12:17
1330,36,Berlin,2026-09-28 01:12:17
1330,36,Berlin,2026-09-28 01:12:17
1090,25,Berlin,2026-09-28 01:12:17
1090,25,Berlin,2026-09-28 01:12:17
1296,33,Berlin,2026-09-28 01:12:17
1296,33,Berlin,2026-09-28 01:12:17
1039,28,Berlin,2026-09-28 01:12:17
759,52,Berlin,2026-09-28 01:12:17
760,52,Berlin,2026-09-28 01:12:17
1845,92,Munich,2026-09-28 01:12:17
1252,63,Munich,2026-09-28 01:12:17
1489,74,Munich,2026-09-28 01:12:17
813,40.63,Munich,2026-09-28 01:12:17
1994,100,Munich,2026-09-28 01:12:17
1382,66,Munich,2026-09-28 01:12:17
1643,80,Munich,2026-09-28 01:12:17
2650,75,Munich,2026-09-28 01:12:17
3471,146,Munich,2026-09-28 01:12:17
1525,51,Munich,2026-09-28 01:12:17
1515,53,Munich,2026-09-28 01:12:17
2975,107,Munich,2026-09-28 01:12:17
1945,65,Munich,2026-09-28 01:12:17
1750,63,Munich,2026-09-28 01:12:17
2490,96,Munich,2026-09-28 01:12:17
2475,49.47,Munich,2026-09-28 01:12:17
3990,91,Munich,2026-09-28 01:12:17
4480,83,Munich,2026-09-28 01:12:17
2650,53,Munich,2026-09-28 01:12:17
2774,59,Munich,2026-09-28 01:12:17
6400,160,Munich,2026-09-28 01:12:17
1065,19,Munich,2026-09-28 01:12:17
2000,69,Munich,2026-09-28 01:12:17
950,30,Munich,2026-09-28 01:12:17
1370,57,Munich,2026-09-28 01:12:17
1800,66,Munich,2026-09-28 01:12:17
3200,80,Munich,2026-09-28 01:12:17
1910,79,Munich,2026-09-28 01:12:17
1378,57,Munich,2026-09-28 01:12:17
1250,40,Munich,2026-09-28 01:12:17
1500,71,Munich,2026-09-28 01:12:17
2040,105,Munich,2026-09-28 01:12:17
1430,53,Munich,2026-09-28 01:12:17
1050,42,Munich,2026-09-28 01:12:17
1300,55,Munich,2026-09-28 01:12:17
1750,84,Munich,2026-09-28 01:12:17
1380,71,Munich,2026-09-28 01:12:17
800,35,Munich,2026-09-28 01:12:17
1750,60,Munich,2026-09-28 01:12:17
1150,44,Munich,2026-09-28 01:12:17
1095,36,Munich,2026-09-28 01:12:17
1100,39,Munich,2026-09-28 01:12:17
1450,54,Munich,2026-09-28 01:12:17
1190,60,Munich,2026-09-28 01:12:17
1300,59,Munich,2026-09-28 01:12:17
1100,20,Munich,2026-09-28 01:12:17
2150,85,Munich,2026-09-28 01:12:17
2150,83,Munich,2026-09-28 01:12:17
995,25.55,Munich,2026-09-28 01:12:17
1800,98,Munich,2026-09-28 01:12:17
1656,86,Cologne,2026-09-28 01:12:17
2550,116,Cologne,2026-09-28 01:12:17
1850,87,Cologne,2026-09-28 01:12:17
1840,86,Cologne,2026-09-28 01:12:17
1278,59,Cologne,2026-09-28 01:12:17
1985,93,Cologne,2026-09-28 01:12:17
1490,63,Cologne,2026-09-28 01:12:17
1510,66,Cologne,2026-09-28 01:12:17
1341,63,Cologne,2026-09-28 01:12:17
1010,36.13,Cologne,2026-09-28 01:12:17
2280,110,Cologne,2026-09-28 01:12:17
1745,81,Cologne,2026-09-28 01:12:17
1571,80,Cologne,2026-09-28 01:12:17
1235,50,Cologne,2026-09-28 01:12:17
1602,82,Cologne,2026-09-28 01:12:17
1420,59,Cologne,2026-09-28 01:12:17
2100,104,Cologne,2026-09-28 01:12:17
1787,93,Cologne,2026-09-28 01:12:17
1710,88,Cologne,2026-09-28 01:12:17
2100,104,Cologne,2026-09-28 01:12:17
1359,66,Cologne,2026-09-28 01:12:17
970,33.01,Cologne,2026-09-28 01:12:17
1474,47,Cologne,2026-09-28 01:12:17
1432,49,Cologne,2026-09-28 01:12:17
1374,47,Cologne,2026-09-28 01:12:17
1240,70,Cologne,2026-09-28 01:12:17
1050,61,Cologne,2026-09-28 01:12:17
950,62,Cologne,2026-09-28 01:12:17
798,38,Cologne,2026-09-28 01:12:17
900,64,Cologne,2026-09-28 01:12:17
1050,43,Cologne,2026-09-28 01:12:17
370,25,Cologne,2026-09-28 01:12:17
590,44,Cologne,2026-09-28 01:12:17
1045,64,Cologne,2026-09-28 01:12:17
825,76,Cologne,2026-09-28 01:12:17
610,48,Cologne,2026-09-28 01:12:17
1070,65,Cologne,2026-09-28 01:12:17
1560,91,Cologne,2026-09-28 01:12:17
1230,77,Cologne,2026-09-28 01:12:17
500,27.8,Cologne,2026-09-28 01:12:17
950,28,Cologne,2026-09-28 01:12:17
580,25,Cologne,2026-09-28 01:12:17
940,71,Cologne,2026-09-28 01:12:17
782,49,Cologne,2026-09-28 01:12:17
1680,120,Cologne,2026-09-28 01:12:17
2530,110,Cologne,2026-09-28 01:12:17
1040,55,Cologne,2026-09-28 01:12:17
700,34,Cologne,2026-09-28 01:12:17
1140,65,Cologne,2026-09-28 01:12:17
900,60,Cologne,2026-09-28 01:12:17
