price,size,city
569,16,Berlin
1005,22.68,Berlin
1691,124,Berlin
995,51,Berlin
1589,48,Berlin
1892,68,Berlin
1749,61,Berlin
1502,60,Berlin
2016,77,Berlin
1332,42,Berlin
1330,36,Berlin
1330,36,Berlin
1090,25,Berlin
1090,25,Berlin
1296,33,Berlin
1296,33,Berlin
1039,28,Berlin
1039,28,Berlin
607,87,Berlin
595,52,Berlin
595,52,Berlin
594,52,Berlin
596,52,Berlin
611,53,Berlin
611,53,Berlin
779,53,Berlin
611,53,Berlin
611,53,Berlin
804,70,Berlin
992,86,Berlin
805,70,Berlin
992,86,Berlin
992,86,Berlin
1002,87,Berlin
1753,103,Berlin
1754,85,Berlin
1166,61,Berlin
1685,98,Berlin
1756,109,Berlin
1436,86,Berlin
1888,124,Berlin
1480,80,Berlin
1674,98,Berlin
1485,85,Berlin
1849,119,Berlin
1426,79,Berlin
1674,102,Berlin
1640,96,Berlin
1646,98,Berlin
1594,96,Berlin
2975,107,Munich
1945,65,Munich
1410,47,Munich
1935,67,Munich
1845,63,Munich
3865,131,Munich
1103,39.39,Munich
2475,49.47,Munich
3990,91,Munich
4480,83,Munich
2650,53,Munich
2774,59,Munich
2599,98,Munich
1029,18,Munich
1994,100,Munich
1382,66,Munich
1643,80,Munich
1059,19,Munich
1020,25.04,Munich
2200,90,Munich
1650,80,Munich
720,11,Munich
895,20,Munich
1650,60,Munich
2000,93,Munich
1350,40,Munich
1340,63,Munich
850,38,Munich
2240,81,Munich
990,32,Munich
1040,36,Munich
1326,68,Munich
984,31,Munich
200,29,Munich
1950,95,Munich
1790,59,Munich
2120,84,Munich
640,20,Munich
6180,150,Munich
1300,47.8,Munich
1500,42,Munich
1585,51,Munich
2200,98,Munich
1500,65,Munich
1300,66,Munich
1640,81,Munich
1300,51,Munich
1980,120,Munich
1550,55,Munich
900,50,Munich
1850,87,Cologne
1840,86,Cologne
1278,59,Cologne
1985,93,Cologne
1490,63,Cologne
1510,66,Cologne
1341,63,Cologne
1010,36.13,Cologne
1602,84,Cologne
2280,110,Cologne
1745,81,Cologne
1571,80,Cologne
1235,50,Cologne
1602,82,Cologne
1420,59,Cologne
2100,104,Cologne
1215,47.82,Cologne
1787,93,Cologne
1710,88,Cologne
2100,104,Cologne
1359,66,Cologne
970,33.01,Cologne
1656,86,Cologne
950,63,Cologne
950,70,Cologne
670,39.6,Cologne
820,57,Cologne
750,55,Cologne
900,65,Cologne
670,50,Cologne
1000,72,Cologne
750,40,Cologne
980,75,Cologne
899,58,Cologne
720,29,Cologne
850,60,Cologne
410,31,Cologne
1100,100,Cologne
1100,54,Cologne
1000,65,Cologne
1320,88,Cologne
1200,75,Cologne
775,27,Cologne
1000,80,Cologne
730,54,Cologne
540,44,Cologne
900,78,Cologne
1000,57,Cologne
1200,75,Cologne
2000,96,Cologne
